set angle,signal,r-value
297.1669061311412,0.0,0.19521604938271542
297.1669061311412,0.0,0.19521604938271542
