Wavelength (nm),Current (A)
315,0
325.037,0.049197004614000006
334.982,0.08361023256599996
345.003,0.15154342542000004
355.022,0.26467607752
365.037,0.44915037164
374.968,0.7353324015
384.977,1.1808182166000003
394.981,1.8225855011999998
404.982,2.642503833400001
414.979,3.5976096240000004
424.972,4.6210289626
434.961,5.7111536358000015
445.026,6.827994646600001
455.007,7.9437649674
464.983,8.9814904166
475.035,8.4736139248